[{"model": "estructura.trastorno", "pk": 1, "fields": {"nombre": "Depresión", "descripcion": "La depresión es un trastorno del estado de ánimo que se caracteriza por una tristeza persistente, pérdida de interés o placer en actividades que solían ser disfrutadas, y cambios en el apetito, sueño y energía. Puede afectar a la capacidad de una persona para llevar a cabo tareas cotidianas y puede tener un impacto negativo en las relaciones personales y en la vida laboral. La depresión puede ser un trastorno aislado o formar parte de un trastorno mayor, y puede ser tratada con una combinación de medicación, terapia y cambios en el estilo de vida.", "is_active": true}}, {"model": "estructura.trastorno", "pk": 5, "fields": {"nombre": "Prueba Trastorno", "descripcion": "h kjh lkjh lkjh lkjh lkjh lkj lkj lkj j", "is_active": true}}, {"model": "estructura.escala", "pk": 1, "fields": {"transtorno": 1, "tipo": "Depresión distimia leve", "descripcion": "El trastorno distímico es un trastorno depresivo de grado moderado que se caracteriza por sentimientos persistentes de tristeza, vacío o desesperanza durante un período de al menos dos años. Además, puede haber cambios leves pero persistentes en el apetito y el sueño, dificultad para concentrarse o tomar decisiones, fatiga o pérdida de energía, y sentimientos de inutilidad o culpa excesiva.", "caracteristicas": "Sentimientos persistentes de tristeza, vacío o desesperanza durante un período de al menos dos años\r\nCambios leves pero persistentes en el apetito y el sueño\r\nDificultad para concentrarse o tomar decisiones\r\nFatiga o pérdida de energía\r\nSentimientos de inutilidad o culpa excesiva", "tratamientos": "El tratamiento incluye terapia cognitivo-conductual, terapia interpersonal y/o medicación antidepresiva.", "is_active": true}}, {"model": "estructura.escala", "pk": 2, "fields": {"transtorno": 1, "tipo": "Depresión distimia moderado", "descripcion": "El trastorno distímico es un trastorno depresivo de grado moderado que se caracteriza por sentimientos persistentes de tristeza, vacío o desesperanza durante un período de al menos dos años. Además, puede haber cambios leves pero persistentes en el apetito y el sueño, dificultad para concentrarse o tomar decisiones, fatiga o pérdida de energía, y sentimientos de inutilidad o culpa excesiva.", "caracteristicas": "Sentimientos persistentes de tristeza, vacío o desesperanza durante un período de al menos dos años\r\nCambios leves pero persistentes en el apetito y el sueño\r\nDificultad para concentrarse o tomar decisiones\r\nFatiga o pérdida de energía\r\nSentimientos de inutilidad o culpa excesiva", "tratamientos": "El tratamiento incluye terapia cognitivo-conductual, terapia interpersonal y/o medicación antidepresiva, con la posibilidad de una combinación de estos enfoques.", "is_active": true}}, {"model": "estructura.escala", "pk": 3, "fields": {"transtorno": 1, "tipo": "Depresión distimia grave", "descripcion": "El trastorno distímico es un trastorno depresivo de grado moderado que se caracteriza por sentimientos persistentes de tristeza, vacío o desesperanza durante un período de al menos dos años. Además, puede haber cambios leves pero persistentes en el apetito y el sueño, dificultad para concentrarse o tomar decisiones, fatiga o pérdida de energía, y sentimientos de inutilidad o culpa excesiva.", "caracteristicas": "Sentimientos persistentes de tristeza, vacío o desesperanza durante un período de al menos dos años\r\nCambios leves pero persistentes en el apetito y el sueño\r\nDificultad para concentrarse o tomar decisiones\r\nFatiga o pérdida de energía\r\nSentimientos de inutilidad o culpa excesiva", "tratamientos": "Terapia psicológica: La terapia psicológica, como la terapia cognitivo-conductual (TCC), puede ayudar a las personas a comprender y manejar sus pensamientos y emociones negativas.\r\n\r\nMedicación: Los antidepresivos pueden ayudar a aliviar los síntomas de la depresión neurótica.\r\n\r\nTerapia de grupo: La terapia de grupo puede ser una forma efectiva de tratar la depresión neurótica al brindar un entorno de apoyo y comprensión.\r\n\r\nCambios en el estilo de vida: Modificaciones en la dieta, el ejercicio y la eliminación del estrés pueden ayudar a aliviar los síntomas de la depresión neurótica.\r\n\r\nTerapia de apoyo: La terapia de apoyo brinda a la persona un espacio para hablar sobre sus pensamientos y emociones con un profesional capacitado.", "is_active": true}}, {"model": "estructura.escala", "pk": 4, "fields": {"transtorno": 1, "tipo": "Depresión mayor leve", "descripcion": "El trastorno depresivo mayor es un trastorno mental que se caracteriza por una tristeza persistente, una pérdida de interés o placer en actividades que solían ser agradables, y una serie de otros síntomas que pueden incluir cambios significativos en el apetito y el sueño, fatiga o pérdida de energía, dificultad para concentrarse o tomar decisiones, sentimientos de inutilidad o culpa excesiva y pensamientos de muerte o suicidio.", "caracteristicas": "Sentimientos persistentes de tristeza, vacío o desesperanza\r\nPérdida de interés o placer en actividades que solían ser agradables\r\nCambios significativos en el apetito y el sueño\r\nFatiga o pérdida de energía\r\nDificultad para concentrarse o tomar decisiones\r\nSentimientos de inutilidad o culpa excesiva\r\nPensamientos de muerte o suicidio", "tratamientos": "El tratamiento incluye terapia cognitivo-conductual, terapia interpersonal y/o medicación antidepresiva.", "is_active": true}}, {"model": "estructura.escala", "pk": 5, "fields": {"transtorno": 1, "tipo": "Depresión mayor moderado", "descripcion": "El trastorno depresivo mayor es un trastorno mental que se caracteriza por una tristeza persistente, una pérdida de interés o placer en actividades que solían ser agradables, y una serie de otros síntomas que pueden incluir cambios significativos en el apetito y el sueño, fatiga o pérdida de energía, dificultad para concentrarse o tomar decisiones, sentimientos de inutilidad o culpa excesiva y pensamientos de muerte o suicidio.", "caracteristicas": "Sentimientos persistentes de tristeza, vacío o desesperanza\r\nPérdida de interés o placer en actividades que solían ser agradables\r\nCambios significativos en el apetito y el sueño\r\nFatiga o pérdida de energía\r\nDificultad para concentrarse o tomar decisiones\r\nSentimientos de inutilidad o culpa excesiva\r\nPensamientos de muerte o suicidio", "tratamientos": "El tratamiento incluye terapia cognitivo-conductual, terapia interpersonal y/o medicación antidepresiva, con la posibilidad de una combinación de estos enfoques.", "is_active": true}}, {"model": "estructura.escala", "pk": 6, "fields": {"transtorno": 1, "tipo": "Depresión mayor grave", "descripcion": "El trastorno depresivo mayor es un trastorno mental que se caracteriza por una tristeza persistente, una pérdida de interés o placer en actividades que solían ser agradables, y una serie de otros síntomas que pueden incluir cambios significativos en el apetito y el sueño, fatiga o pérdida de energía, dificultad para concentrarse o tomar decisiones, sentimientos de inutilidad o culpa excesiva y pensamientos de muerte o suicidio.", "caracteristicas": "Sentimientos persistentes de tristeza, vacío o desesperanza\r\nPérdida de interés o placer en actividades que solían ser agradables\r\nCambios significativos en el apetito y el sueño\r\nFatiga o pérdida de energía\r\nDificultad para concentrarse o tomar decisiones\r\nSentimientos de inutilidad o culpa excesiva\r\nPensamientos de muerte o suicidio", "tratamientos": "El tratamiento incluye terapia psicológica intensiva, como terapia cognitivo-conductual y terapia interpersonal, combinado con medicación antidepresiva y a veces con terapia electroconvulsiva (ECT).", "is_active": true}}, {"model": "estructura.escala", "pk": 7, "fields": {"transtorno": 1, "tipo": "Depresión neurótica moderado", "descripcion": "La depresión neurótica es un subtipo de depresión que se asocia con ansiedad y estrés. A menudo se desencadena por eventos estresantes o conflictos emocionales, y los síntomas incluyen tristeza, ansiedad, insomnio y preocupación excesiva. La depresión neurótica también puede incluir síntomas somáticos como dolores de cabeza, dolores musculares y fatiga. Este tipo de depresión puede ser tratado con terapia psicológica, medicación y cambios en el estilo de vida para manejar el estrés y la ansiedad.", "caracteristicas": "- Tristeza y desánimo: La persona experimenta una tristeza profunda y un sentimiento de desánimo.\r\n- Ansiedad: La persona experimenta una sensación de inquietud y preocupación excesiva.\r\n- Insomnio: Dificultad para dormir o para mantenerse dormido.\r\n- Estrés: La persona está más susceptible a sentirse estresada y ansiosa en situaciones estresantes.\r\n- Preocupación excesiva: La persona se preocupa excesivamente sobre eventos futuros o sobre el resultado de situaciones cotidianas.\r\n- Síntomas somáticos: Dolor de cabeza, dolores musculares y fatiga son comunes.\r\n- Pérdida de interés: La persona puede tener dificultades para sentir placer en actividades que antes disfrutaba.\r\n- Dificultad para concentrarse: La persona puede tener dificultades para concentrarse y tomar decisiones.\r\n- Cambios en el apetito: La persona puede experimentar cambios en el apetito, como un aumento o una disminución en el apetito.", "tratamientos": "Terapia psicológica: La terapia psicológica, como la terapia cognitivo-conductual (TCC), puede ayudar a las personas a comprender y manejar sus pensamientos y emociones negativas.\r\n\r\nMedicación: Los antidepresivos pueden ayudar a aliviar los síntomas de la depresión neurótica.\r\n\r\nTerapia de grupo: La terapia de grupo puede ser una forma efectiva de tratar la depresión neurótica al brindar un entorno de apoyo y comprensión.\r\n\r\nCambios en el estilo de vida: Modificaciones en la dieta, el ejercicio y la eliminación del estrés pueden ayudar a aliviar los síntomas de la depresión neurótica.\r\n\r\nTerapia de apoyo: La terapia de apoyo brinda a la persona un espacio para hablar sobre sus pensamientos y emociones con un profesional capacitado.", "is_active": true}}, {"model": "estructura.escala", "pk": 8, "fields": {"transtorno": 1, "tipo": "Depresión neurótica grave", "descripcion": "La depresión neurótica es un subtipo de depresión que se asocia con ansiedad y estrés. A menudo se desencadena por eventos estresantes o conflictos emocionales, y los síntomas incluyen tristeza, ansiedad, insomnio y preocupación excesiva. La depresión neurótica también puede incluir síntomas somáticos como dolores de cabeza, dolores musculares y fatiga. Este tipo de depresión puede ser tratado con terapia psicológica, medicación y cambios en el estilo de vida para manejar el estrés y la ansiedad.", "caracteristicas": "- Tristeza y desánimo: La persona experimenta una tristeza profunda y un sentimiento de desánimo.\r\n- Ansiedad: La persona experimenta una sensación de inquietud y preocupación excesiva.\r\n- Insomnio: Dificultad para dormir o para mantenerse dormido.\r\n- Estrés: La persona está más susceptible a sentirse estresada y ansiosa en situaciones estresantes.\r\n- Preocupación excesiva: La persona se preocupa excesivamente sobre eventos futuros o sobre el resultado de situaciones cotidianas.\r\n- Síntomas somáticos: Dolor de cabeza, dolores musculares y fatiga son comunes.\r\n- Pérdida de interés: La persona puede tener dificultades para sentir placer en actividades que antes disfrutaba.\r\n- Dificultad para concentrarse: La persona puede tener dificultades para concentrarse y tomar decisiones.\r\n- Cambios en el apetito: La persona puede experimentar cambios en el apetito, como un aumento o una disminución en el apetito.", "tratamientos": "El tratamiento incluye terapia psicológica intensiva, como terapia cognitivo-conductual y terapia interpersonal, combinado con medicación antidepresiva y a veces con terapia electroconvulsiva (ECT).", "is_active": true}}, {"model": "estructura.escala", "pk": 9, "fields": {"transtorno": 1, "tipo": "Depresión existencial", "descripcion": "La depresión existencial es un tipo de depresión que se relaciona con cuestiones filosóficas y existenciales, como la identidad, el sentido de la vida y la muerte.", "caracteristicas": "Sentido de vacío y desesperación: La persona puede sentir un vacío emocional y una sensación de que su vida carece de significado o propósito.\r\n\r\nIncertidumbre existencial: Puede sentir una sensación de incertidumbre y confusión acerca de su identidad y su lugar en el mundo.\r\n\r\nTemor a la muerte: La persona puede experimentar miedo o ansiedad acerca de la muerte y su significado.\r\n\r\nPérdida de interés en actividades que solían ser gratificantes: La persona puede perder el interés en actividades que antes encontraba gratificantes y significativas.", "tratamientos": "El tratamiento para la depresión existencial incluye terapias psicológicas como la terapia cognitivo-conductual (TCC) y la terapia humanista, así como la terapia de grupo y la terapia de apoyo. También puede ser útil trabajar con un terapeuta que se especialice en cuestiones existenciales. Es importante buscar tratamiento temprano para la depresión existencial, ya que puede afectar significativamente la calidad de vida de la persona.", "is_active": true}}, {"model": "estructura.escala", "pk": 10, "fields": {"transtorno": 1, "tipo": "Depresión psicótica", "descripcion": "El trastorno depresivo psicótico es un tipo de depresión que se caracteriza por los síntomas típicos del trastorno depresivo mayor, junto con síntomas psicóticos, como alucinaciones o delirios.", "caracteristicas": "Síntomas similares a los del trastorno depresivo mayor\r\nAdemás, presencia de síntomas psicóticos, como alucinaciones o delirios", "tratamientos": "El tratamiento incluye terapia psicológica intensiva y medicación antipsicótica, combinado con terapia para tratar síntomas psicóticos.", "is_active": true}}, {"model": "estructura.pregunta", "pk": 1, "fields": {"nro_item": 1, "pregunta": "¿Está deprimido por alguna situación de su vida?"}}, {"model": "estructura.pregunta", "pk": 3, "fields": {"nro_item": 3, "pregunta": "¿Se fatiga o pierde la energía casi cada día?"}}, {"model": "estructura.pregunta", "pk": 4, "fields": {"nro_item": 4, "pregunta": "¿Baja autoestima?"}}, {"model": "estructura.pregunta", "pk": 5, "fields": {"nro_item": 5, "pregunta": "¿Come muy poco?"}}, {"model": "estructura.pregunta", "pk": 6, "fields": {"nro_item": 6, "pregunta": "¿Problemas de memoria, atención y concentración?"}}, {"model": "estructura.pregunta", "pk": 7, "fields": {"nro_item": 7, "pregunta": "¿Pensamiento de que todo le sale mal?"}}, {"model": "estructura.pregunta", "pk": 8, "fields": {"nro_item": 8, "pregunta": "¿Ve el futuro negativamente?"}}, {"model": "estructura.pregunta", "pk": 9, "fields": {"nro_item": 9, "pregunta": "¿Tiene pensamientos negativos?"}}, {"model": "estructura.pregunta", "pk": 10, "fields": {"nro_item": 10, "pregunta": "¿Se desanima con facilidad?"}}, {"model": "estructura.pregunta", "pk": 11, "fields": {"nro_item": 11, "pregunta": "¿Pensamiento suicida?"}}, {"model": "estructura.pregunta", "pk": 12, "fields": {"nro_item": 12, "pregunta": "¿Pensamiento de hacerse daño?"}}, {"model": "estructura.pregunta", "pk": 13, "fields": {"nro_item": 13, "pregunta": "¿No quiere conversar con nadie?"}}, {"model": "estructura.pregunta", "pk": 14, "fields": {"nro_item": 14, "pregunta": "¿No quiere salir a ningún lado?"}}, {"model": "estructura.pregunta", "pk": 15, "fields": {"nro_item": 15, "pregunta": "¿Se siente triste o vacío?"}}, {"model": "estructura.pregunta", "pk": 16, "fields": {"nro_item": 16, "pregunta": "¿Se siente a veces o siempre irritable?"}}, {"model": "estructura.pregunta", "pk": 17, "fields": {"nro_item": 17, "pregunta": "¿Ha perdido o aumentado 5% de su peso corporal?"}}, {"model": "estructura.pregunta", "pk": 18, "fields": {"nro_item": 18, "pregunta": "¿Presenta insomnio casi cada día?"}}, {"model": "estructura.pregunta", "pk": 19, "fields": {"nro_item": 19, "pregunta": "¿Se agita en actividades psicomotoras?"}}, {"model": "estructura.pregunta", "pk": 20, "fields": {"nro_item": 20, "pregunta": "¿Presenta sensación de inutilidad y confusión?"}}, {"model": "estructura.pregunta", "pk": 21, "fields": {"nro_item": 21, "pregunta": "¿Ha perdido a un ser querido recientemente?"}}, {"model": "estructura.pregunta", "pk": 22, "fields": {"nro_item": 22, "pregunta": "¿Tiene alucinaciones?"}}, {"model": "estructura.pregunta", "pk": 23, "fields": {"nro_item": 23, "pregunta": "¿Está pasando por algún problema?"}}, {"model": "estructura.pregunta", "pk": 24, "fields": {"nro_item": 24, "pregunta": "¿Piensa que no tiene suerte en su vida?"}}, {"model": "estructura.pregunta", "pk": 25, "fields": {"nro_item": 25, "pregunta": "¿Todos los síntomas se presentan de vez en cuando?"}}, {"model": "estructura.pregunta", "pk": 26, "fields": {"nro_item": 26, "pregunta": "¿Todos los síntomas se presentan todos los días?"}}, {"model": "estructura.pregunta", "pk": 27, "fields": {"nro_item": 27, "pregunta": "¿Está muy estresado?"}}, {"model": "estructura.pregunta", "pk": 28, "fields": {"nro_item": 28, "pregunta": "¿Siente que su vida no tiene sentido?"}}, {"model": "estructura.pregunta", "pk": 29, "fields": {"nro_item": 29, "pregunta": "¿Se siente agotado y con miedo?"}}, {"model": "estructura.pregunta", "pk": 30, "fields": {"nro_item": 30, "pregunta": "¿Sufre de falta de motivación por realizar sus cosas cotidianas?"}}, {"model": "estructura.pregunta", "pk": 31, "fields": {"nro_item": 31, "pregunta": "¿No tiene pasión por nada?"}}, {"model": "estructura.pregunta", "pk": 32, "fields": {"nro_item": 32, "pregunta": "¿Tiene ganas de dormir en el día?"}}, {"model": "estructura.pregunta", "pk": 33, "fields": {"nro_item": 33, "pregunta": "¿Se encuentra en un estado de ilusión?"}}, {"model": "estructura.pregunta", "pk": 34, "fields": {"nro_item": 34, "pregunta": "¿Escucha voces en la cabeza?"}}, {"model": "estructura.pregunta", "pk": 35, "fields": {"nro_item": 35, "pregunta": "¿Es muy impulsivo (a)?"}}, {"model": "estructura.pregunta", "pk": 36, "fields": {"nro_item": 36, "pregunta": "¿Es muy nervioso (a)?"}}, {"model": "estructura.pregunta", "pk": 38, "fields": {"nro_item": 2, "pregunta": "¿Muy poco sueño?"}}, {"model": "estructura.cuestionario", "pk": 1, "fields": {"nombre": "Cuestionario de Depresión", "trastorno": 1, "preguntas": [1, 3, 4, 5, 6, 7, 8, 9, 10, 11, 12, 13, 14, 15, 16, 17, 18, 19, 20, 21, 22, 23, 24, 25, 26, 27, 28, 29, 30, 31, 32, 33, 34, 35, 36]}}, {"model": "estructura.cuestionario", "pk": 4, "fields": {"nombre": "Prueba", "trastorno": 5, "preguntas": [1, 38, 3]}}, {"model": "estructura.regla", "pk": 1, "fields": {"cuestionario": 1, "escala": 1, "respuestas_necesarias": [1, 3, 4, 5]}}, {"model": "estructura.regla", "pk": 2, "fields": {"cuestionario": 1, "escala": 2, "respuestas_necesarias": [6, 7, 8, 9, 10]}}, {"model": "estructura.regla", "pk": 3, "fields": {"cuestionario": 1, "escala": 2, "respuestas_necesarias": [1, 3, 4, 5, 6, 7, 8, 9, 10]}}, {"model": "estructura.regla", "pk": 4, "fields": {"cuestionario": 1, "escala": 3, "respuestas_necesarias": [1, 3, 4, 5, 6, 7, 8, 9, 10, 11, 12, 13, 14]}}, {"model": "estructura.regla", "pk": 5, "fields": {"cuestionario": 1, "escala": 3, "respuestas_necesarias": [11, 12, 13, 14]}}, {"model": "estructura.regla", "pk": 6, "fields": {"cuestionario": 1, "escala": 4, "respuestas_necesarias": [3, 15, 16, 19]}}, {"model": "estructura.regla", "pk": 7, "fields": {"cuestionario": 1, "escala": 5, "respuestas_necesarias": [3, 15, 16, 18, 19, 20]}}, {"model": "estructura.regla", "pk": 8, "fields": {"cuestionario": 1, "escala": 5, "respuestas_necesarias": [18, 20]}}, {"model": "estructura.regla", "pk": 9, "fields": {"cuestionario": 1, "escala": 6, "respuestas_necesarias": [3, 6, 11, 15, 16, 17, 18, 19, 20, 21, 22]}}, {"model": "estructura.regla", "pk": 10, "fields": {"cuestionario": 1, "escala": 6, "respuestas_necesarias": [6, 11, 17, 21, 22]}}, {"model": "estructura.regla", "pk": 11, "fields": {"cuestionario": 1, "escala": 7, "respuestas_necesarias": [7, 9, 23, 24, 25]}}, {"model": "estructura.regla", "pk": 12, "fields": {"cuestionario": 1, "escala": 8, "respuestas_necesarias": [7, 9, 23, 24, 25, 26, 27]}}, {"model": "estructura.regla", "pk": 13, "fields": {"cuestionario": 1, "escala": 8, "respuestas_necesarias": [26, 27]}}, {"model": "estructura.regla", "pk": 14, "fields": {"cuestionario": 1, "escala": 9, "respuestas_necesarias": [28, 29, 30, 31, 32]}}, {"model": "estructura.regla", "pk": 15, "fields": {"cuestionario": 1, "escala": 10, "respuestas_necesarias": [22, 33, 34, 35, 36]}}, {"model": "estructura.regla", "pk": 16, "fields": {"cuestionario": 1, "escala": 10, "respuestas_necesarias": [22, 33, 34, 35, 36]}}, {"model": "estructura.test", "pk": 1, "fields": {"paciente": 2, "doctor": 1, "cuestionario": 1, "fecha": "2023-02-06T20:03:07.512Z"}}, {"model": "estructura.test", "pk": 2, "fields": {"paciente": 2, "doctor": 1, "cuestionario": 1, "fecha": "2023-02-06T21:54:50.764Z"}}, {"model": "estructura.test", "pk": 3, "fields": {"paciente": 2, "doctor": 1, "cuestionario": 1, "fecha": "2023-02-06T22:03:29.663Z"}}, {"model": "estructura.test", "pk": 4, "fields": {"paciente": 2, "doctor": 1, "cuestionario": 1, "fecha": "2023-11-27T16:42:25.787Z"}}, {"model": "estructura.test", "pk": 5, "fields": {"paciente": 3, "doctor": 2, "cuestionario": 1, "fecha": "2023-11-27T23:52:51.900Z"}}, {"model": "estructura.test", "pk": 6, "fields": {"paciente": 2, "doctor": 1, "cuestionario": 1, "fecha": "2024-06-07T21:39:34.076Z"}}, {"model": "estructura.test", "pk": 7, "fields": {"paciente": 3, "doctor": 1, "cuestionario": 1, "fecha": "2024-06-08T15:58:59.118Z"}}, {"model": "estructura.test", "pk": 8, "fields": {"paciente": 2, "doctor": 2, "cuestionario": 1, "fecha": "2024-06-10T19:45:18.798Z"}}, {"model": "estructura.test", "pk": 9, "fields": {"paciente": 2, "doctor": 2, "cuestionario": 1, "fecha": "2024-06-11T01:30:24.323Z"}}, {"model": "estructura.test", "pk": 10, "fields": {"paciente": 3, "doctor": 2, "cuestionario": 1, "fecha": "2024-06-11T19:49:41.985Z"}}, {"model": "estructura.test", "pk": 11, "fields": {"paciente": 2, "doctor": 1, "cuestionario": 1, "fecha": "2024-07-31T13:15:29.548Z"}}, {"model": "estructura.test", "pk": 12, "fields": {"paciente": 2, "doctor": 1, "cuestionario": 1, "fecha": "2024-07-31T13:24:03.602Z"}}, {"model": "estructura.resultado", "pk": 7, "fields": {"test": 1, "pregunta": 1, "respuesta": true}}, {"model": "estructura.resultado", "pk": 9, "fields": {"test": 1, "pregunta": 3, "respuesta": true}}, {"model": "estructura.resultado", "pk": 10, "fields": {"test": 1, "pregunta": 4, "respuesta": false}}, {"model": "estructura.resultado", "pk": 11, "fields": {"test": 1, "pregunta": 5, "respuesta": true}}, {"model": "estructura.resultado", "pk": 12, "fields": {"test": 1, "pregunta": 6, "respuesta": false}}, {"model": "estructura.resultado", "pk": 13, "fields": {"test": 1, "pregunta": 7, "respuesta": false}}, {"model": "estructura.resultado", "pk": 14, "fields": {"test": 1, "pregunta": 8, "respuesta": false}}, {"model": "estructura.resultado", "pk": 15, "fields": {"test": 1, "pregunta": 9, "respuesta": false}}, {"model": "estructura.resultado", "pk": 16, "fields": {"test": 1, "pregunta": 10, "respuesta": true}}, {"model": "estructura.resultado", "pk": 17, "fields": {"test": 1, "pregunta": 11, "respuesta": false}}, {"model": "estructura.resultado", "pk": 18, "fields": {"test": 1, "pregunta": 12, "respuesta": true}}, {"model": "estructura.resultado", "pk": 19, "fields": {"test": 1, "pregunta": 13, "respuesta": true}}, {"model": "estructura.resultado", "pk": 20, "fields": {"test": 1, "pregunta": 14, "respuesta": false}}, {"model": "estructura.resultado", "pk": 21, "fields": {"test": 1, "pregunta": 15, "respuesta": true}}, {"model": "estructura.resultado", "pk": 22, "fields": {"test": 1, "pregunta": 16, "respuesta": true}}, {"model": "estructura.resultado", "pk": 23, "fields": {"test": 1, "pregunta": 17, "respuesta": true}}, {"model": "estructura.resultado", "pk": 24, "fields": {"test": 1, "pregunta": 18, "respuesta": true}}, {"model": "estructura.resultado", "pk": 25, "fields": {"test": 1, "pregunta": 19, "respuesta": false}}, {"model": "estructura.resultado", "pk": 26, "fields": {"test": 1, "pregunta": 20, "respuesta": false}}, {"model": "estructura.resultado", "pk": 27, "fields": {"test": 1, "pregunta": 21, "respuesta": true}}, {"model": "estructura.resultado", "pk": 28, "fields": {"test": 1, "pregunta": 22, "respuesta": false}}, {"model": "estructura.resultado", "pk": 29, "fields": {"test": 1, "pregunta": 23, "respuesta": false}}, {"model": "estructura.resultado", "pk": 30, "fields": {"test": 1, "pregunta": 24, "respuesta": false}}, {"model": "estructura.resultado", "pk": 31, "fields": {"test": 1, "pregunta": 25, "respuesta": true}}, {"model": "estructura.resultado", "pk": 32, "fields": {"test": 1, "pregunta": 26, "respuesta": true}}, {"model": "estructura.resultado", "pk": 33, "fields": {"test": 1, "pregunta": 27, "respuesta": false}}, {"model": "estructura.resultado", "pk": 34, "fields": {"test": 1, "pregunta": 28, "respuesta": false}}, {"model": "estructura.resultado", "pk": 35, "fields": {"test": 1, "pregunta": 29, "respuesta": true}}, {"model": "estructura.resultado", "pk": 36, "fields": {"test": 1, "pregunta": 30, "respuesta": false}}, {"model": "estructura.resultado", "pk": 37, "fields": {"test": 1, "pregunta": 31, "respuesta": true}}, {"model": "estructura.resultado", "pk": 38, "fields": {"test": 1, "pregunta": 32, "respuesta": false}}, {"model": "estructura.resultado", "pk": 39, "fields": {"test": 1, "pregunta": 33, "respuesta": false}}, {"model": "estructura.resultado", "pk": 40, "fields": {"test": 1, "pregunta": 34, "respuesta": false}}, {"model": "estructura.resultado", "pk": 41, "fields": {"test": 1, "pregunta": 35, "respuesta": true}}, {"model": "estructura.resultado", "pk": 42, "fields": {"test": 1, "pregunta": 36, "respuesta": true}}, {"model": "estructura.resultado", "pk": 43, "fields": {"test": 3, "pregunta": 1, "respuesta": false}}, {"model": "estructura.resultado", "pk": 45, "fields": {"test": 3, "pregunta": 3, "respuesta": false}}, {"model": "estructura.resultado", "pk": 46, "fields": {"test": 3, "pregunta": 4, "respuesta": false}}, {"model": "estructura.resultado", "pk": 47, "fields": {"test": 3, "pregunta": 5, "respuesta": false}}, {"model": "estructura.resultado", "pk": 48, "fields": {"test": 3, "pregunta": 6, "respuesta": true}}, {"model": "estructura.resultado", "pk": 49, "fields": {"test": 3, "pregunta": 7, "respuesta": true}}, {"model": "estructura.resultado", "pk": 50, "fields": {"test": 3, "pregunta": 8, "respuesta": true}}, {"model": "estructura.resultado", "pk": 51, "fields": {"test": 3, "pregunta": 9, "respuesta": true}}, {"model": "estructura.resultado", "pk": 52, "fields": {"test": 3, "pregunta": 10, "respuesta": true}}, {"model": "estructura.resultado", "pk": 53, "fields": {"test": 3, "pregunta": 11, "respuesta": false}}, {"model": "estructura.resultado", "pk": 54, "fields": {"test": 3, "pregunta": 12, "respuesta": false}}, {"model": "estructura.resultado", "pk": 55, "fields": {"test": 3, "pregunta": 13, "respuesta": false}}, {"model": "estructura.resultado", "pk": 56, "fields": {"test": 3, "pregunta": 14, "respuesta": false}}, {"model": "estructura.resultado", "pk": 57, "fields": {"test": 3, "pregunta": 15, "respuesta": false}}, {"model": "estructura.resultado", "pk": 58, "fields": {"test": 3, "pregunta": 16, "respuesta": false}}, {"model": "estructura.resultado", "pk": 59, "fields": {"test": 3, "pregunta": 17, "respuesta": false}}, {"model": "estructura.resultado", "pk": 60, "fields": {"test": 3, "pregunta": 18, "respuesta": false}}, {"model": "estructura.resultado", "pk": 61, "fields": {"test": 3, "pregunta": 19, "respuesta": false}}, {"model": "estructura.resultado", "pk": 62, "fields": {"test": 3, "pregunta": 20, "respuesta": false}}, {"model": "estructura.resultado", "pk": 63, "fields": {"test": 3, "pregunta": 21, "respuesta": false}}, {"model": "estructura.resultado", "pk": 64, "fields": {"test": 3, "pregunta": 22, "respuesta": false}}, {"model": "estructura.resultado", "pk": 65, "fields": {"test": 3, "pregunta": 23, "respuesta": false}}, {"model": "estructura.resultado", "pk": 66, "fields": {"test": 3, "pregunta": 24, "respuesta": false}}, {"model": "estructura.resultado", "pk": 67, "fields": {"test": 3, "pregunta": 25, "respuesta": false}}, {"model": "estructura.resultado", "pk": 68, "fields": {"test": 3, "pregunta": 26, "respuesta": false}}, {"model": "estructura.resultado", "pk": 69, "fields": {"test": 3, "pregunta": 27, "respuesta": false}}, {"model": "estructura.resultado", "pk": 70, "fields": {"test": 3, "pregunta": 28, "respuesta": false}}, {"model": "estructura.resultado", "pk": 71, "fields": {"test": 3, "pregunta": 29, "respuesta": false}}, {"model": "estructura.resultado", "pk": 72, "fields": {"test": 3, "pregunta": 30, "respuesta": false}}, {"model": "estructura.resultado", "pk": 73, "fields": {"test": 3, "pregunta": 31, "respuesta": false}}, {"model": "estructura.resultado", "pk": 74, "fields": {"test": 3, "pregunta": 32, "respuesta": false}}, {"model": "estructura.resultado", "pk": 75, "fields": {"test": 3, "pregunta": 33, "respuesta": false}}, {"model": "estructura.resultado", "pk": 76, "fields": {"test": 3, "pregunta": 34, "respuesta": false}}, {"model": "estructura.resultado", "pk": 77, "fields": {"test": 3, "pregunta": 35, "respuesta": false}}, {"model": "estructura.resultado", "pk": 78, "fields": {"test": 3, "pregunta": 36, "respuesta": false}}, {"model": "estructura.resultado", "pk": 79, "fields": {"test": 5, "pregunta": 1, "respuesta": true}}, {"model": "estructura.resultado", "pk": 81, "fields": {"test": 5, "pregunta": 3, "respuesta": true}}, {"model": "estructura.resultado", "pk": 82, "fields": {"test": 5, "pregunta": 4, "respuesta": true}}, {"model": "estructura.resultado", "pk": 83, "fields": {"test": 5, "pregunta": 5, "respuesta": false}}, {"model": "estructura.resultado", "pk": 84, "fields": {"test": 5, "pregunta": 6, "respuesta": false}}, {"model": "estructura.resultado", "pk": 85, "fields": {"test": 5, "pregunta": 7, "respuesta": true}}, {"model": "estructura.resultado", "pk": 86, "fields": {"test": 5, "pregunta": 8, "respuesta": true}}, {"model": "estructura.resultado", "pk": 87, "fields": {"test": 5, "pregunta": 9, "respuesta": true}}, {"model": "estructura.resultado", "pk": 88, "fields": {"test": 5, "pregunta": 10, "respuesta": true}}, {"model": "estructura.resultado", "pk": 89, "fields": {"test": 5, "pregunta": 11, "respuesta": true}}, {"model": "estructura.resultado", "pk": 90, "fields": {"test": 5, "pregunta": 12, "respuesta": true}}, {"model": "estructura.resultado", "pk": 91, "fields": {"test": 5, "pregunta": 13, "respuesta": false}}, {"model": "estructura.resultado", "pk": 92, "fields": {"test": 5, "pregunta": 14, "respuesta": true}}, {"model": "estructura.resultado", "pk": 93, "fields": {"test": 5, "pregunta": 15, "respuesta": true}}, {"model": "estructura.resultado", "pk": 94, "fields": {"test": 5, "pregunta": 16, "respuesta": true}}, {"model": "estructura.resultado", "pk": 95, "fields": {"test": 5, "pregunta": 17, "respuesta": true}}, {"model": "estructura.resultado", "pk": 96, "fields": {"test": 5, "pregunta": 18, "respuesta": false}}, {"model": "estructura.resultado", "pk": 97, "fields": {"test": 5, "pregunta": 19, "respuesta": true}}, {"model": "estructura.resultado", "pk": 98, "fields": {"test": 5, "pregunta": 20, "respuesta": true}}, {"model": "estructura.resultado", "pk": 99, "fields": {"test": 5, "pregunta": 21, "respuesta": false}}, {"model": "estructura.resultado", "pk": 100, "fields": {"test": 5, "pregunta": 22, "respuesta": false}}, {"model": "estructura.resultado", "pk": 101, "fields": {"test": 5, "pregunta": 23, "respuesta": true}}, {"model": "estructura.resultado", "pk": 102, "fields": {"test": 5, "pregunta": 24, "respuesta": true}}, {"model": "estructura.resultado", "pk": 103, "fields": {"test": 5, "pregunta": 25, "respuesta": false}}, {"model": "estructura.resultado", "pk": 104, "fields": {"test": 5, "pregunta": 26, "respuesta": false}}, {"model": "estructura.resultado", "pk": 105, "fields": {"test": 5, "pregunta": 27, "respuesta": true}}, {"model": "estructura.resultado", "pk": 106, "fields": {"test": 5, "pregunta": 28, "respuesta": true}}, {"model": "estructura.resultado", "pk": 107, "fields": {"test": 5, "pregunta": 29, "respuesta": false}}, {"model": "estructura.resultado", "pk": 108, "fields": {"test": 5, "pregunta": 30, "respuesta": true}}, {"model": "estructura.resultado", "pk": 109, "fields": {"test": 5, "pregunta": 31, "respuesta": false}}, {"model": "estructura.resultado", "pk": 110, "fields": {"test": 5, "pregunta": 32, "respuesta": true}}, {"model": "estructura.resultado", "pk": 111, "fields": {"test": 5, "pregunta": 33, "respuesta": false}}, {"model": "estructura.resultado", "pk": 112, "fields": {"test": 5, "pregunta": 34, "respuesta": true}}, {"model": "estructura.resultado", "pk": 113, "fields": {"test": 5, "pregunta": 35, "respuesta": true}}, {"model": "estructura.resultado", "pk": 114, "fields": {"test": 5, "pregunta": 36, "respuesta": true}}, {"model": "estructura.resultado", "pk": 115, "fields": {"test": 6, "pregunta": 1, "respuesta": true}}, {"model": "estructura.resultado", "pk": 117, "fields": {"test": 6, "pregunta": 3, "respuesta": true}}, {"model": "estructura.resultado", "pk": 118, "fields": {"test": 6, "pregunta": 4, "respuesta": true}}, {"model": "estructura.resultado", "pk": 119, "fields": {"test": 6, "pregunta": 5, "respuesta": true}}, {"model": "estructura.resultado", "pk": 120, "fields": {"test": 6, "pregunta": 6, "respuesta": true}}, {"model": "estructura.resultado", "pk": 121, "fields": {"test": 6, "pregunta": 7, "respuesta": true}}, {"model": "estructura.resultado", "pk": 122, "fields": {"test": 6, "pregunta": 8, "respuesta": true}}, {"model": "estructura.resultado", "pk": 123, "fields": {"test": 6, "pregunta": 9, "respuesta": true}}, {"model": "estructura.resultado", "pk": 124, "fields": {"test": 6, "pregunta": 10, "respuesta": true}}, {"model": "estructura.resultado", "pk": 125, "fields": {"test": 6, "pregunta": 11, "respuesta": true}}, {"model": "estructura.resultado", "pk": 126, "fields": {"test": 6, "pregunta": 12, "respuesta": true}}, {"model": "estructura.resultado", "pk": 127, "fields": {"test": 6, "pregunta": 13, "respuesta": true}}, {"model": "estructura.resultado", "pk": 128, "fields": {"test": 6, "pregunta": 14, "respuesta": true}}, {"model": "estructura.resultado", "pk": 129, "fields": {"test": 6, "pregunta": 15, "respuesta": true}}, {"model": "estructura.resultado", "pk": 130, "fields": {"test": 6, "pregunta": 16, "respuesta": true}}, {"model": "estructura.resultado", "pk": 131, "fields": {"test": 6, "pregunta": 17, "respuesta": true}}, {"model": "estructura.resultado", "pk": 132, "fields": {"test": 6, "pregunta": 18, "respuesta": true}}, {"model": "estructura.resultado", "pk": 133, "fields": {"test": 6, "pregunta": 19, "respuesta": true}}, {"model": "estructura.resultado", "pk": 134, "fields": {"test": 6, "pregunta": 20, "respuesta": true}}, {"model": "estructura.resultado", "pk": 135, "fields": {"test": 6, "pregunta": 21, "respuesta": true}}, {"model": "estructura.resultado", "pk": 136, "fields": {"test": 6, "pregunta": 22, "respuesta": true}}, {"model": "estructura.resultado", "pk": 137, "fields": {"test": 6, "pregunta": 23, "respuesta": true}}, {"model": "estructura.resultado", "pk": 138, "fields": {"test": 6, "pregunta": 24, "respuesta": true}}, {"model": "estructura.resultado", "pk": 139, "fields": {"test": 6, "pregunta": 25, "respuesta": true}}, {"model": "estructura.resultado", "pk": 140, "fields": {"test": 6, "pregunta": 26, "respuesta": true}}, {"model": "estructura.resultado", "pk": 141, "fields": {"test": 6, "pregunta": 27, "respuesta": true}}, {"model": "estructura.resultado", "pk": 142, "fields": {"test": 6, "pregunta": 28, "respuesta": true}}, {"model": "estructura.resultado", "pk": 143, "fields": {"test": 6, "pregunta": 29, "respuesta": true}}, {"model": "estructura.resultado", "pk": 144, "fields": {"test": 6, "pregunta": 30, "respuesta": true}}, {"model": "estructura.resultado", "pk": 145, "fields": {"test": 6, "pregunta": 31, "respuesta": true}}, {"model": "estructura.resultado", "pk": 146, "fields": {"test": 6, "pregunta": 32, "respuesta": true}}, {"model": "estructura.resultado", "pk": 147, "fields": {"test": 6, "pregunta": 33, "respuesta": true}}, {"model": "estructura.resultado", "pk": 148, "fields": {"test": 6, "pregunta": 34, "respuesta": true}}, {"model": "estructura.resultado", "pk": 149, "fields": {"test": 6, "pregunta": 35, "respuesta": true}}, {"model": "estructura.resultado", "pk": 150, "fields": {"test": 6, "pregunta": 36, "respuesta": true}}, {"model": "estructura.resultado", "pk": 151, "fields": {"test": 9, "pregunta": 1, "respuesta": false}}, {"model": "estructura.resultado", "pk": 153, "fields": {"test": 9, "pregunta": 3, "respuesta": false}}, {"model": "estructura.resultado", "pk": 154, "fields": {"test": 9, "pregunta": 4, "respuesta": false}}, {"model": "estructura.resultado", "pk": 155, "fields": {"test": 9, "pregunta": 5, "respuesta": false}}, {"model": "estructura.resultado", "pk": 156, "fields": {"test": 9, "pregunta": 6, "respuesta": false}}, {"model": "estructura.resultado", "pk": 157, "fields": {"test": 9, "pregunta": 7, "respuesta": false}}, {"model": "estructura.resultado", "pk": 158, "fields": {"test": 9, "pregunta": 8, "respuesta": false}}, {"model": "estructura.resultado", "pk": 159, "fields": {"test": 9, "pregunta": 9, "respuesta": false}}, {"model": "estructura.resultado", "pk": 160, "fields": {"test": 9, "pregunta": 10, "respuesta": false}}, {"model": "estructura.resultado", "pk": 161, "fields": {"test": 9, "pregunta": 11, "respuesta": false}}, {"model": "estructura.resultado", "pk": 162, "fields": {"test": 9, "pregunta": 12, "respuesta": false}}, {"model": "estructura.resultado", "pk": 163, "fields": {"test": 9, "pregunta": 13, "respuesta": false}}, {"model": "estructura.resultado", "pk": 164, "fields": {"test": 9, "pregunta": 14, "respuesta": false}}, {"model": "estructura.resultado", "pk": 165, "fields": {"test": 9, "pregunta": 15, "respuesta": false}}, {"model": "estructura.resultado", "pk": 166, "fields": {"test": 9, "pregunta": 16, "respuesta": false}}, {"model": "estructura.resultado", "pk": 167, "fields": {"test": 9, "pregunta": 17, "respuesta": false}}, {"model": "estructura.resultado", "pk": 168, "fields": {"test": 9, "pregunta": 18, "respuesta": true}}, {"model": "estructura.resultado", "pk": 169, "fields": {"test": 9, "pregunta": 19, "respuesta": false}}, {"model": "estructura.resultado", "pk": 170, "fields": {"test": 9, "pregunta": 20, "respuesta": true}}, {"model": "estructura.resultado", "pk": 171, "fields": {"test": 9, "pregunta": 21, "respuesta": false}}, {"model": "estructura.resultado", "pk": 172, "fields": {"test": 9, "pregunta": 22, "respuesta": false}}, {"model": "estructura.resultado", "pk": 173, "fields": {"test": 9, "pregunta": 23, "respuesta": false}}, {"model": "estructura.resultado", "pk": 174, "fields": {"test": 9, "pregunta": 24, "respuesta": false}}, {"model": "estructura.resultado", "pk": 175, "fields": {"test": 9, "pregunta": 25, "respuesta": false}}, {"model": "estructura.resultado", "pk": 176, "fields": {"test": 9, "pregunta": 26, "respuesta": false}}, {"model": "estructura.resultado", "pk": 177, "fields": {"test": 9, "pregunta": 27, "respuesta": false}}, {"model": "estructura.resultado", "pk": 178, "fields": {"test": 9, "pregunta": 28, "respuesta": false}}, {"model": "estructura.resultado", "pk": 179, "fields": {"test": 9, "pregunta": 29, "respuesta": false}}, {"model": "estructura.resultado", "pk": 180, "fields": {"test": 9, "pregunta": 30, "respuesta": false}}, {"model": "estructura.resultado", "pk": 181, "fields": {"test": 9, "pregunta": 31, "respuesta": false}}, {"model": "estructura.resultado", "pk": 182, "fields": {"test": 9, "pregunta": 32, "respuesta": false}}, {"model": "estructura.resultado", "pk": 183, "fields": {"test": 9, "pregunta": 33, "respuesta": false}}, {"model": "estructura.resultado", "pk": 184, "fields": {"test": 9, "pregunta": 34, "respuesta": false}}, {"model": "estructura.resultado", "pk": 185, "fields": {"test": 9, "pregunta": 35, "respuesta": false}}, {"model": "estructura.resultado", "pk": 186, "fields": {"test": 9, "pregunta": 36, "respuesta": false}}, {"model": "estructura.resultado", "pk": 187, "fields": {"test": 8, "pregunta": 1, "respuesta": false}}, {"model": "estructura.resultado", "pk": 189, "fields": {"test": 8, "pregunta": 3, "respuesta": false}}, {"model": "estructura.resultado", "pk": 190, "fields": {"test": 8, "pregunta": 4, "respuesta": false}}, {"model": "estructura.resultado", "pk": 191, "fields": {"test": 8, "pregunta": 5, "respuesta": false}}, {"model": "estructura.resultado", "pk": 192, "fields": {"test": 8, "pregunta": 6, "respuesta": true}}, {"model": "estructura.resultado", "pk": 193, "fields": {"test": 8, "pregunta": 7, "respuesta": false}}, {"model": "estructura.resultado", "pk": 194, "fields": {"test": 8, "pregunta": 8, "respuesta": false}}, {"model": "estructura.resultado", "pk": 195, "fields": {"test": 8, "pregunta": 9, "respuesta": false}}, {"model": "estructura.resultado", "pk": 196, "fields": {"test": 8, "pregunta": 10, "respuesta": false}}, {"model": "estructura.resultado", "pk": 197, "fields": {"test": 8, "pregunta": 11, "respuesta": false}}, {"model": "estructura.resultado", "pk": 198, "fields": {"test": 8, "pregunta": 12, "respuesta": false}}, {"model": "estructura.resultado", "pk": 199, "fields": {"test": 8, "pregunta": 13, "respuesta": false}}, {"model": "estructura.resultado", "pk": 200, "fields": {"test": 8, "pregunta": 14, "respuesta": false}}, {"model": "estructura.resultado", "pk": 201, "fields": {"test": 8, "pregunta": 15, "respuesta": false}}, {"model": "estructura.resultado", "pk": 202, "fields": {"test": 8, "pregunta": 16, "respuesta": false}}, {"model": "estructura.resultado", "pk": 203, "fields": {"test": 8, "pregunta": 17, "respuesta": false}}, {"model": "estructura.resultado", "pk": 204, "fields": {"test": 8, "pregunta": 18, "respuesta": false}}, {"model": "estructura.resultado", "pk": 205, "fields": {"test": 8, "pregunta": 19, "respuesta": false}}, {"model": "estructura.resultado", "pk": 206, "fields": {"test": 8, "pregunta": 20, "respuesta": false}}, {"model": "estructura.resultado", "pk": 207, "fields": {"test": 8, "pregunta": 21, "respuesta": false}}, {"model": "estructura.resultado", "pk": 208, "fields": {"test": 8, "pregunta": 22, "respuesta": false}}, {"model": "estructura.resultado", "pk": 209, "fields": {"test": 8, "pregunta": 23, "respuesta": false}}, {"model": "estructura.resultado", "pk": 210, "fields": {"test": 8, "pregunta": 24, "respuesta": false}}, {"model": "estructura.resultado", "pk": 211, "fields": {"test": 8, "pregunta": 25, "respuesta": false}}, {"model": "estructura.resultado", "pk": 212, "fields": {"test": 8, "pregunta": 26, "respuesta": false}}, {"model": "estructura.resultado", "pk": 213, "fields": {"test": 8, "pregunta": 27, "respuesta": false}}, {"model": "estructura.resultado", "pk": 214, "fields": {"test": 8, "pregunta": 28, "respuesta": false}}, {"model": "estructura.resultado", "pk": 215, "fields": {"test": 8, "pregunta": 29, "respuesta": false}}, {"model": "estructura.resultado", "pk": 216, "fields": {"test": 8, "pregunta": 30, "respuesta": false}}, {"model": "estructura.resultado", "pk": 217, "fields": {"test": 8, "pregunta": 31, "respuesta": false}}, {"model": "estructura.resultado", "pk": 218, "fields": {"test": 8, "pregunta": 32, "respuesta": false}}, {"model": "estructura.resultado", "pk": 219, "fields": {"test": 8, "pregunta": 33, "respuesta": false}}, {"model": "estructura.resultado", "pk": 220, "fields": {"test": 8, "pregunta": 34, "respuesta": false}}, {"model": "estructura.resultado", "pk": 221, "fields": {"test": 8, "pregunta": 35, "respuesta": false}}, {"model": "estructura.resultado", "pk": 222, "fields": {"test": 8, "pregunta": 36, "respuesta": false}}]